"UPC","DESCRIPTION","MANUFACTURER","CATEGORY","elasticity","std_error","p_value","adj_r2","n_obs"
2066200531,"NWMN OWN 4 CHEESE PIZZA","KING","FROZEN PIZZA",-3.33361197610221,0.138298521072118,2.12566963642455e-119,0.578335137727076,3783
7218063052,"FRSC BRCK OVN ITL PEP PZ","TONYS","FROZEN PIZZA",-3.10093699910671,0.058923589092507,0,0.650803841377509,10403
2066200530,"NWMN OWN PEPPERONI PIZZA","KING","FROZEN PIZZA",-3.04986096961703,0.115464767358185,4.47466966215635e-144,0.569809773155961,5101
7110410471,"MKSL PRETZEL STICKS","MKSL","BAG SNACKS",-3.01779505674886,0.10596697925992,6.89112674187486e-164,0.481888549883008,4450
7192100336,"DIGIORNO THREE MEAT","TOMBSTONE","FROZEN PIZZA",-2.98816716325585,0.0570311021288692,0,0.61057194502334,11796
3800039118,"KELL FROOT LOOPS","KELLOGG","COLD CEREAL",-2.98110494440019,0.0497993997321422,0,0.738144804609916,11947
7218063979,"FRSC PEPPERONI PIZZA","TONYS","FROZEN PIZZA",-2.9690207739814,0.0612517161293122,0,0.64149429913188,9738
1111087398,"PL SR CRUST PEPPRN PIZZA","PRIVATE LABEL","FROZEN PIZZA",-2.74975025746343,0.0530613012000576,0,0.543435164668881,11831
2066200532,"NWMN OWN SUPREME PIZZA","KING","FROZEN PIZZA",-2.74624298117707,0.148940955366816,1.3714850129771e-71,0.506722170913451,2752
7218063983,"FRSC 4 CHEESE PIZZA","TONYS","FROZEN PIZZA",-2.65081788725571,0.0652102715324386,0,0.614807313785813,8686
7192100337,"DIGRN SUPREME PIZZA","TOMBSTONE","FROZEN PIZZA",-2.59621128503706,0.0513059365810323,0,0.649312673268584,11918
7192100339,"DIGRN PEPP PIZZA","TOMBSTONE","FROZEN PIZZA",-2.59040358451477,0.0467336484341944,0,0.707787922547579,11961
1111087395,"PL SR CRUST SUPRM PIZZA","PRIVATE LABEL","FROZEN PIZZA",-2.54284066158704,0.0546368017045008,0,0.509571763671373,11641
7110410455,"MKSL MINI TWIST PRETZELS","MKSL","BAG SNACKS",-2.47235504066587,0.094914388598062,7.8756964766008e-140,0.544308668156028,4744
3000006560,"QKER CAP N CRUNCH BERRIES","QUAKER","COLD CEREAL",-2.39443732690555,0.0600076584443465,1.97626258336499e-323,0.542769228724534,10173
3000006610,"QKER CAP N CRUNCH","QUAKER","COLD CEREAL",-2.33743137818836,0.0560500641358381,0,0.636874757505176,10493
3000006340,"QKER LIFE ORIGINAL","QUAKER","COLD CEREAL",-2.30131999976251,0.0429666357220784,0,0.673298040676585,10232
2840002333,"RLDGLD BRAIDED HONEY WHT","FRITO LAY","BAG SNACKS",-2.22479562122603,0.0803718043220372,4.727837714916e-162,0.638930575838135,9258
2840004770,"RLDGLD PRETZEL STICKS","FRITO LAY","BAG SNACKS",-2.19221615563298,0.0690282776569236,5.03020176907698e-212,0.697667729287258,11306
88491212971,"POST FRUITY PEBBLES","POST FOODS","COLD CEREAL",-2.16695316711464,0.0401330348286727,0,0.725744754737852,10093
31254742835,"LSTRNE FRS BRST ANTSPC MW","WARNER","ORAL HYGIENE PRODUCTS",-2.03187289263751,0.06012766427453,1.41362046815341e-237,0.474755082756067,10463
31254742735,"LSTRNE CL MINT ANTSPTC MW","WARNER","ORAL HYGIENE PRODUCTS",-1.98642583665608,0.0604579948217744,6.39969054669367e-226,0.443908125509022,11072
2840004768,"RLDGLD TINY TWISTS PRTZL","FRITO LAY","BAG SNACKS",-1.96152068376648,0.0646350321763629,1.18591499799203e-194,0.741173607875434,11557
1111087396,"PL SR CRUST 3 MEAT PIZZA","PRIVATE LABEL","FROZEN PIZZA",-1.9586074204166,0.0511258915958083,2.80915409904584e-302,0.490002826885343,11566
7110410470,"MKSL DUTCH PRETZELS","MKSL","BAG SNACKS",-1.9457896227267,0.0942819997392502,1.74027406675665e-90,0.584691417834987,4542
31254742725,"LSTRNE CL MINT ANTSPTC MW","WARNER","ORAL HYGIENE PRODUCTS",-1.93626890094294,0.0509720563928235,4.50012410879606e-295,0.426932435721273,10089
1600027528,"GM CHEERIOS","GENERAL MI","COLD CEREAL",-1.8534402256764,0.047429562394406,2.31258814045571e-314,0.756455430984162,11983
3700019521,"CREST PH WHTG CLN MINT TP","P & G","ORAL HYGIENE PRODUCTS",-1.79368329206356,0.0448538721232676,1.28457067918724e-321,0.495473534465035,8946
7797502248,"SNYDR PRETZEL RODS","SNYDER S","BAG SNACKS",-1.77440618385233,0.0507337255075807,4.28268208501961e-254,0.677270455084641,10991
7797508006,"SNYDR FF MINI PRETZELS","SNYDER S","BAG SNACKS",-1.71248955131146,0.0556872821440869,6.25368083704214e-199,0.729455567856449,10606
88491201427,"POST FM SZ HNYBNCH OT ALM","POST FOODS","COLD CEREAL",-1.62542141137189,0.0580089834473823,1.64308534468857e-166,0.593336009845274,10306
1111085350,"PL BT SZ FRSTD SHRD WHT","PRIVATE LABEL","COLD CEREAL",-1.62397775168483,0.0411355002047391,2.1729007104098e-320,0.816271703523412,11963
7797508004,"SNYDR SOURDOUGH NIBBLERS","SNYDER S","BAG SNACKS",-1.61764183837033,0.0550810784583678,6.36370122866666e-182,0.794383857391611,10089
3700031613,"SCOPE ORIG MINT MOUTHWASH","P & G","ORAL HYGIENE PRODUCTS",-1.56404612261661,0.0565253618923396,1.16483777016105e-162,0.401009936314126,10475
1111085319,"PL HONEY NUT TOASTD OATS","PRIVATE LABEL","COLD CEREAL",-1.34849454943235,0.0678016977428229,1.30033713695439e-86,0.659024397193814,11959
3800031838,"KELL FROSTED FLAKES","KELLOGG","COLD CEREAL",-1.30720045536121,0.0403033621686779,3.34966249692653e-221,0.68508821785278,11979
3700044982,"CREST PH CLN MINT RINSE","P & G","ORAL HYGIENE PRODUCTS",-1.2400585234461,0.0698558225049032,1.7965463428225e-69,0.400985502683619,10405
1600027527,"GM HONEY NUT CHEERIOS","GENERAL MI","COLD CEREAL",-1.17069000105965,0.031409835510794,1.13727469201405e-287,0.775386265730783,11985
88491201426,"POST HNY BN OTS HNY RSTD","POST FOODS","COLD CEREAL",-1.15315291028963,0.0647312456385623,5.67506841913555e-70,0.489389627025453,10700
1111085345,"PL RAISIN BRAN","PRIVATE LABEL","COLD CEREAL",-1.10672061409529,0.0567648299899622,2.33536407293634e-83,0.630030502392495,11980
1111035398,"PL BL MINT ANTSPTC RINSE","PRIVATE LABEL","ORAL HYGIENE PRODUCTS",-1.07739828173318,0.0454644636836205,1.10557641268071e-120,0.317798367551005,9643
3800031829,"KELL BITE SIZE MINI WHEAT","KELLOGG","COLD CEREAL",-1.07454405509858,0.039989434556661,2.00458323350061e-154,0.735326540824355,11904
1111038078,"PL BL MINT ANTSPTC RINSE","PRIVATE LABEL","ORAL HYGIENE PRODUCTS",-1.06045630829169,0.0232000456576441,0,0.477662705270492,11248
1111038080,"PL ANTSPTC SPG MNT MTHWS","PRIVATE LABEL","ORAL HYGIENE PRODUCTS",-0.982361169259855,0.0255921878084403,6.47925320627379e-302,0.452828312379277,10665
1111009497,"PL PRETZEL STICKS","PRIVATE LABEL","BAG SNACKS",-0.913535956218707,0.0390862603945717,3.72479303481668e-118,0.787432945205184,11960
1111009507,"PL TWIST PRETZELS","PRIVATE LABEL","BAG SNACKS",-0.893928419101195,0.0560421540912406,1.17755887429134e-56,0.702351741306223,11288
4116709565,"ACT RSTR CL SPLSH MINT MW","CHATTEM","ORAL HYGIENE PRODUCTS",-0.844265007127998,0.087079698291909,4.31971189676945e-22,0.280651330695933,7218
4116709428,"ACT MINT A/CAV FLUOR RNS","CHATTEM","ORAL HYGIENE PRODUCTS",-0.832093359509211,0.101091279882272,2.1862757242202e-16,0.357661859852878,7230
4116709448,"ACT KIDS BBLGUM FLUOR RNS","CHATTEM","ORAL HYGIENE PRODUCTS",-0.702440680140866,0.099539407103374,1.85327718957095e-12,0.302272783256584,7651
1111009477,"PL MINI TWIST PRETZELS","PRIVATE LABEL","BAG SNACKS",-0.578022647285371,0.0373274303145373,1.46050750079384e-53,0.847168781643898,11938
7027312504,"SHURGD PRETZEL RODS","SHULTZ","BAG SNACKS",-0.437456240788567,0.043252036329335,8.57911611573933e-24,0.628752911673966,4546
7027316204,"SHURGD MINI PRETZELS","SHULTZ","BAG SNACKS",-0.364567248874129,0.0371595766714901,1.61115438867427e-22,0.712392764734625,5059
1600027564,"GM CHEERIOS","GENERAL MI","COLD CEREAL",-0.268988525351474,0.0220032015222898,3.66583529650052e-34,0.795038165232577,11980
7027316404,"SHURGD PRETZEL STICKS","SHULTZ","BAG SNACKS",-0.251689865133167,0.0357257619325197,2.10545742652143e-12,0.696733857514008,5050
3500068914,"COLG SPEARMINT WISP","COLGATE","ORAL HYGIENE PRODUCTS",-0.244830643674878,0.0509770363939906,1.74446523212417e-06,0.0582723069436272,1399
